{"chunk_definitions":[{"row":27,"row_count":1,"visible":true,"expansion_state":0,"options":{"engine":"r","label":"unnamed-chunk-3"},"document_id":"40DE3292","chunk_id":"cw5n80m10cy8s","chunk_label":"unnamed-chunk-4"},{"row":32,"row_count":1,"visible":true,"expansion_state":0,"options":{"engine":"r","label":"unnamed-chunk-4"},"document_id":"40DE3292","chunk_id":"czt1drb1idw2q","chunk_label":"unnamed-chunk-5"},{"row":39,"row_count":1,"visible":true,"expansion_state":0,"options":{"engine":"r","label":"unnamed-chunk-5"},"document_id":"40DE3292","chunk_id":"cm1wjac21mevr","chunk_label":"unnamed-chunk-6"},{"row":44,"row_count":1,"visible":true,"expansion_state":0,"options":{"engine":"r","label":"unnamed-chunk-6"},"document_id":"40DE3292","chunk_id":"curb5raztaebe","chunk_label":"unnamed-chunk-7"},{"row":56,"row_count":1,"visible":true,"expansion_state":0,"options":{"engine":"r","label":"unnamed-chunk-7"},"document_id":"40DE3292","chunk_id":"cz2ot7ez1d0de","chunk_label":"unnamed-chunk-8"},{"row":63,"row_count":1,"visible":true,"expansion_state":0,"options":{"engine":"r","label":"unnamed-chunk-8"},"document_id":"40DE3292","chunk_id":"cmwhhu4pwfcmj","chunk_label":"unnamed-chunk-9"},{"row":69,"row_count":1,"visible":true,"expansion_state":0,"options":{"engine":"r","label":"unnamed-chunk-10"},"document_id":"40DE3292","chunk_id":"cghyx8g15m5uo","chunk_label":"unnamed-chunk-10"},{"row":73,"row_count":1,"visible":true,"expansion_state":0,"options":{"engine":"r","label":"unnamed-chunk-11"},"document_id":"40DE3292","chunk_id":"c1ygtmnefznfp","chunk_label":"unnamed-chunk-11"}],"doc_write_time":4922469767346738248,"chunk_rendered_width":471}